<?xml version="1.0" encoding="UTF-8"?>
<configuration>
    <!--<include resource="org/springframework/boot/logging/logback/base.xml"/>-->
    <property name="LOG_PATH" value="notificationAdaptor/logs"/>
    <property name="LOG_FILE_NAME" value="notificationAdaptor.log"/>
    <property name="ARCHIVE" value="${LOG_PATH}/archive/notificationAdaptor"/>

    <appender name="STDOUT" class="ch.qos.logback.core.ConsoleAppender">
        <encoder>
            <pattern>
                %d{dd-MM-yyyy HH:mm:ss.SSS} %magenta([%thread]) %highlight(%-5level) %logger.%M - %msg%n
            </pattern>
        </encoder>
    </appender>

    <!--  Add this back in and take out the other `RollingAppender` appender to use non rolling appender-->
    <!--  <appender name="RollingAppender" class="ch.qos.logback.core.FileAppender">-->
    <!--    <file>${LOG_PATH}/log.log</file>-->
    <!--    <encoder class="ch.qos.logback.classic.encoder.PatternLayoutEncoder">-->
    <!--      <Pattern>-->
    <!--        %d{dd-MM-yyyy HH:mm:ss.SSS} [%thread] %-5level %logger{36}.%M - %msg%n-->
    <!--      </Pattern>-->
    <!--    </encoder>-->
    <!--  </appender>-->

    <appender name="RollingAppender"
              class="ch.qos.logback.core.rolling.RollingFileAppender">
        <file>${LOG_PATH}/${LOG_FILE_NAME}</file>
        <encoder class="ch.qos.logback.classic.encoder.PatternLayoutEncoder">
            <Pattern>
                %d{dd-MM-yyyy HH:mm:ss.SSS} [%thread] %-5level %logger{36}.%M - %msg%n
            </Pattern>
        </encoder>

        <!-- Comment out rolling policies to test how the remaining one works -->

<!--        <rollingPolicy class="ch.qos.logback.core.rolling.TimeBasedRollingPolicy">-->
<!--            &lt;!&ndash; rollover daily &ndash;&gt;-->
<!--            <fileNamePattern>-->
<!--                ${LOG_PATH}/archived/notificationAdaptor.%d{dd-MM-yyyy}.log-->
<!--            </fileNamePattern>-->
<!--            <maxHistory>10</maxHistory>-->
<!--            <totalSizeCap>100MB</totalSizeCap>-->

<!--        </rollingPolicy>-->

        <rollingPolicy class="ch.qos.logback.core.rolling.SizeAndTimeBasedRollingPolicy">
            <!-- rollover daily & on size-->
            <maxFileSize>10MB</maxFileSize>
            <fileNamePattern>
                ${LOG_PATH}/archived/${LOG_FILE_NAME}_%d{yyyy-MM-dd-HH-mm}_%i.log.gz
            </fileNamePattern>
            <maxHistory>10</maxHistory>
            <totalSizeCap>1GB</totalSizeCap>
        </rollingPolicy>

        <!--        <rollingPolicy class="ch.qos.logback.core.rolling.FixedWindowRollingPolicy">-->
        <!--            <fileNamePattern>-->
        <!--                ${LOG_PATH}/notificationAdaptor_%i.log-->
        <!--            </fileNamePattern>-->
        <!--            <minIndex>2</minIndex>-->
        <!--            <maxIndex>3</maxIndex>-->
        <!--        </rollingPolicy>-->

<!--        <triggeringPolicy class="ch.qos.logback.core.rolling.SizeBasedTriggeringPolicy">-->
<!--            &lt;!&ndash; rollover on size&ndash;&gt;-->
<!--            <maxFileSize>1KB</maxFileSize>-->
<!--        </triggeringPolicy>-->

    </appender>

    <!--<root level="debug">-->
    <root level="OFF">
        <appender-ref ref="STDOUT"/>
        <appender-ref ref="RollingAppender"/>
    </root>


    <logger name="com.paytm.pgplus"  level="warn">
        <!--        <appender-ref ref="STDOUT"/>-->
        <appender-ref ref="RollingAppender"/>
    </logger>
    <logger name="com.paytm.pgplus"  level="error">
        <!--        <appender-ref ref="STDOUT"/>-->
        <appender-ref ref="RollingAppender"/>
    </logger>
    <logger name="com.paytm.pgplus"  level="info">
<!--        <appender-ref ref="STDOUT"/>-->
        <appender-ref ref="RollingAppender"/>
    </logger>
    <logger name="com.paytm.pgplus"  level="debug">
        <!--        <appender-ref ref="STDOUT"/>-->
        <appender-ref ref="RollingAppender"/>
    </logger>


<!--    <logger name="com.paytm.pgplus"  level="warn">-->
<!--        &lt;!&ndash;        <appender-ref ref="STDOUT"/>&ndash;&gt;-->
<!--        <appender-ref ref="RollingAppender"/>-->
<!--    </logger>-->

    <!--<logger name="org.springframework.boot.SpringApplication" level="debug">-->
    <!--<appender-ref ref="STDOUT" />-->
    <!--</logger>-->
</configuration>